PDB_Chain,PDB_ID,Chain_ID,UniProt_ID
1orjA,1orj,A,O67806
1w8gA,1w8g,A,P67080
1jpjA,1jpj,A,O07347
1iruF,1iru,F,Q3T0X5
2h7vA,2h7v,A,P63000
2bbkH,2bbk,H,P29894
2ghsA,2ghs,A,Q7D0W3
1uv7A,1uv7,A,P41851
1jq0A,1jq0,A,S4WCF9
2fb0A,2fb0,A,Q8A7U6
2d1zA,2d1z,A,Q7SI98
1nccN,1ncc,N,P03472
1j2qH,1j2q,H,Q9P996
2imgA,2img,A,Q9BVJ7
1tqjA,1tqj,A,P74061
1gncA,1gnc,A,P09919
1c5hA,1c5h,A,P09850
1wifA,1wif,A,Q9D9M4
2h16A,2h16,A,Q9Y689
1f70A,1f70,A,P0DP33
1f76A,1f76,A,P0A7E1
1qyrA,1qyr,A,P06992
1r03A,1r03,A,Q8N4E7
1ptaA,1pta,A,P0A434
1dorA,1dor,A,A2RJT9
1ib6A,1ib6,A,P61889
1udiI,1udi,I,P14739
1q8mA,1q8m,A,Q9NP99
1vlgA,1vlg,A,Q9X0L2
1p5jA,1p5j,A,P20132
1m8jA,1m8j,A,O26253
1ji4A,1ji4,A,P43313
1uj0A,1uj0,A,O88811
1eixA,1eix,A,P08244
1z0jA,1z0j,A,P35285
1fldA,1fld,A,P00322
1phpA,1php,A,P18912
1bu1A,1bu1,A,P08631
1dchA,1dch,A,P61459
1kzkA,1kzk,A,P03369
1dqwA,1dqw,A,P03962
2bgqA,2bgq,A,P23901
2fcaA,2fca,A,O34522
1xn9A,1xn9,A,Q8PZ95
2dfaA,2dfa,A,Q53WG6
2d8jA,2d8j,A,Q922K9
2o4lA,2o4l,A,Q1G1C3
1vpxA,1vpx,A,Q9WYD1
1bz4A,1bz4,A,P02649
1vhfA,1vhf,A,Q9X0E6
2bzdA,2bzd,A,Q02834
2ftpA,2ftp,A,Q9I2A0
1jtdB,1jtd,B,O87916
1dy6A,1dy6,A,P52682
1bk2A,1bk2,A,P07751
2a6zA,2a6z,A,P43555
2aneA,2ane,A,P0A9M0
1e9cA,1e9c,A,P23919
1h3hA,1h3h,A,O89100
1sw8A,1sw8,A,P0DP23
1pv1A,1pv1,A,P40363
1dypA,1dyp,A,P43478
1xcjA,1xcj,A,P10868
1xjcA,1xjc,A,D0VWV1
1cyeA,1cye,A,P0AE67
1to3A,1to3,A,Q9L7R9
2j66A,2j66,A,Q2L4H3
1vd5A,1vd5,A,Q9RC92
2ixqA,2ixq,A,Q47038
621pA,621p,A,P01112
2nwqA,2nwq,A,Q9HUQ6
1xbrA,1xbr,A,P24781
2hq1A,2hq1,A,A3DDY9
1h5qA,1h5q,A,O93868
2iygA,2iyg,A,Q3J677
1aw8B,1aw8,B,P0A790
1u5hA,1u5h,A,P9WPE1
1gmiA,1gmi,A,P09216
1kz4A,1kz4,A,Q9UUB1
1kz1A,1kz1,A,Q9UUB1
1dqyA,1dqy,A,P9WQN9
1wy9A,1wy9,A,O70200
1b9sA,1b9s,A,P03474
2b4lA,2b4l,A,P46922
2iftA,2ift,A,P44869
1zzwA,1zzw,A,Q9Y6W6
2aamA,2aam,A,Q9X1D0
1axiA,1axi,A,P01241
1al3A,1al3,A,P45600
1s18A,1s18,A,Q8WVQ1
1pt0A,1pt0,A,P0A790
1jpiA,1jpi,A,P06132
1yczA,1ycz,A,Q9WYA3
2d0nA,2d0n,A,O89100
2fgoA,2fgo,A,Q9I6D2
1v5cA,1v5c,A,Q9ALZ1
1ycoA,1yco,A,Q834I9
1o94C,1o94,C,P53570
1h5yA,1h5y,A,Q8ZY16
1cdmA,1cdm,A,P62157
2dl8A,2dl8,A,O75044
1uhpA,1uhp,A,Q9UPQ7
1xdzA,1xdz,A,P25813
2eryA,2ery,A,P62070
1q56A,1q56,A,P31696
1yc7A,1yc7,A,
1s89A,1s89,A,P0A731
1j3wA,1j3w,A,Q9X9L0
1wxtA,1wxt,A,Q8TE67
1j8qA,1j8q,A,P00323
2h13A,2h13,A,P61964
2gilA,2gil,A,P20340
1i1bA,1i1b,A,P01584
1g0uF,1g0u,F,P21242
1z9zA,1z9z,A,P32790
1yuxA,1yux,A,P30820
1jqxA,1jqx,A,A2RJT9
1r1dA,1r1d,A,Q06174
2b7yA,2b7y,A,P02871
1scmB,1scm,B,P13543
1vliA,1vli,A,P39625
1nyaA,1nya,A,P06495
2iaqA,2iaq,A,Q7SIG4
2a4jA,2a4j,A,P41208
1hw6A,1hw6,A,P06632
1sovA,1sov,A,Q27797
1h7iA,1h7i,A,P02649
721pA,721p,A,P01112
1il6A,1il6,A,P05231
2aedA,2aed,A,
1q77A,1q77,A,O66565
2fnjA,2fnj,A,A1Z6E0
1g3oA,1g3o,A,P00214
1tihA,1tih,A,Q40378
1xcfA,1xcf,A,P0A877
2bqpA,2bqp,A,P02867
1h3qA,1h3q,A,Q9CQP2
1zahA,1zah,A,P00883
1xj4A,1xj4,A,P23222
2fxvA,2fxv,A,P42085
1atzA,1atz,A,P04275
2hupA,2hup,A,Q86YS6
1akqA,1akq,A,P00323
1fcjA,1fcj,A,P0A1E3
2h18A,2h18,A,Q96BM9
2semA,2sem,A,P29355
1ff2A,1ff2,A,P00214
1e6lA,1e6l,A,P0AE67
1xuuA,1xuu,A,Q57265
1kfbA,1kfb,A,P00929
2a2lA,2a2l,A,Q48422
1uflA,1ufl,A,P83820
1zpvA,1zpv,A,P67382
1avzC,1avz,C,P06241
2dsoA,2dso,A,Q99QV3
2fz5A,2fz5,A,P00321
1f07A,1f07,A,Q50744
2nphA,2nph,A,P04585
1dy3A,1dy3,A,P26281
1bbzA,1bbz,A,P00519
1azdA,1azd,A,P55915
1rui1,1rui,1,P03303
1hq2A,1hq2,A,P26281
1w6mA,1w6m,A,P09382
1r3wA,1r3w,A,P06132
1so6A,1so6,A,P39304
2b45X,2b45,X,P18429
1i9hA,1i9h,A,P22629
1ks8A,1ks8,A,O77044
1wl7A,1wl7,A,Q93HT9
2fawA,2faw,A,O81226
2c71A,2c71,A,O87119
2nt8A,2nt8,A,Q50EJ2
1iubA,1iub,A,P18891
1fdjA,1fdj,A,P79226
1f75A,1f75,A,O82827
1yt4A,1yt4,A,P62593
2f51A,2f51,A,Q8IEV4
1eumA,1eum,A,P0A998
2b7nA,2b7n,A,O25909
1bywA,1byw,A,Q12809
2cn7A,2cn7,A,P02794
1xcgB,1xcg,B,P61586
2nptB,2npt,B,Q9Y2U5
1mdaH,1mda,H,
1h8nA,1h8n,A,
1dusA,1dus,A,Q58292
2b4gA,2b4g,A,Q57U83
1a22A,1a22,A,P01241
1ct5A,1ct5,A,P38197
1nxoA,1nxo,A,A0A0H2UQ68
1crzA,1crz,A,P0A855
1cqkA,1cqk,A,
2fcdA,2fcd,A,P53141
1dctA,1dct,A,P20589
2a6xA,2a6x,A,Q12396
1swqA,1swq,A,P22629
1wktA,1wkt,A,P10410
1kq1A,1kq1,A,A0A0H3JV59
1tadA,1tad,A,P04695
2fjuA,2fju,A,P63000
1mxsA,1mxs,A,P00885
1fatA,1fat,A,P05087
2gyqA,2gyq,A,Q6N4M9
1w1fA,1w1f,A,P07948
1i5iA,1i5i,A,P02526
1ebbA,1ebb,A,Q9ALU0
1we4A,1we4,A,Q47066
2f6lA,2f6l,A,P9WIB9
1tph1,1tph,1,P00940
2o52A,2o52,A,P61018
1hv0A,1hv0,A,P09850
1krqA,1krq,A,Q46106
1s4uX,1s4u,X,Q02793
2ex4A,2ex4,A,Q9BV86
1z0dA,1z0d,A,P35278
1b4rA,1b4r,A,P98161
1j27A,1j27,A,Q84BR1
1iq5A,1iq5,A,P0DP33
1p68A,1p68,A,
21biA,21bi,A,P01584
1g69A,1g69,A,P39594
1g4eA,1g4e,A,P39594
1dpfA,1dpf,A,P61586
1q3oA,1q3o,A,Q9WV48
2iwqA,2iwq,A,O75970
1clmA,1clm,A,P07463
1xm3A,1xm3,A,O31618
1icpA,1icp,A,Q9XG54
2a8gA,2a8g,A,P02701
1oebA,1oeb,A,O89100
1nzeA,1nze,A,P12301
1so8A,1so8,A,Q99714
1z6xA,1z6x,A,P18085
1m4wA,1m4w,A,Q8GMV7
1l1eA,1l1e,A,P9WPB3
1jjfA,1jjf,A,P10478
1mwqA,1mwq,A,P44887
1mblA,1mbl,A,P00808
1l3pA,1l3p,A,Q40963
1e6hA,1e6h,A,P07751
1z0kA,1z0k,A,P20338
2g98A,2g98,A,P07320
7odcA,7odc,A,P00860
1ciwA,1ciw,A,P02872
1zicA,1zic,A,P0A114
2gjsA,2gjs,A,P55042
2h9aB,2h9a,B,Q3ACS0
1oiwA,1oiw,A,P62491
2j41A,2j41,A,Q5HGM3
1u4cA,1u4c,A,P26449
2a5bA,2a5b,A,P02701
2iycA,2iyc,A,Q9P0U3
2f2wA,2f2w,A,P07751
2hmsA,2hms,A,O32080
1apnA,1apn,A,P02866
1r9yA,1r9y,A,P25524
2fcjA,2fcj,A,Q5KVJ9
1c7vA,1c7v,A,P04573
2sqcA,2sqc,A,P33247
1x2qA,1x2q,A,O75886
1fwuA,1fwu,A,Q61830
1pz1A,1pz1,A,P80874
1y3aA,1y3a,A,P63096
2nwaA,2nwa,A,O34365
1c1xB,1c1x,B,Q59771
2f2fA,2f2f,A,O87120
1l6oA,1l6o,A,P51142
1gbqA,1gbq,A,Q60631
1pmaA,1pma,A,P25156
1o4uA,1o4u,A,Q9X1X8
1ljyA,1ljy,A,Q8SPQ0
1s8nA,1s8n,A,P9WGM3
1g60A,1g60,A,P23192
1yo7A,1yo7,A,P03051
1s14A,1s14,A,P20083
1jjuB,1jju,B,Q8VUS7
1x2jA,1x2j,A,Q9Z2X8
2a5jA,2a5j,A,Q8WUD1
1i2nA,1i2n,A,P0A870
1np6A,1np6,A,P32125
2c2fA,2c2f,A,Q9RS64
1sw1A,1sw1,A,O29280
2pgkA,2pgk,A,
2jaqA,2jaq,A,Q93IG4
1sy6A,1sy6,A,P09693
1sy6A,1sy6,A,P07766
1z6kA,1z6k,A,P9WPE1
1a3cA,1a3c,A,P39765
1k33A,1k33,A,P04578
1tmjA,1tmj,A,P26281
2frnA,2frn,A,
1gvoA,1gvo,A,P71278
1ab5A,1ab5,A,P0AE67
1t9gR,1t9g,R,P13804
1oq1A,1oq1,A,O31524
1grnA,1grn,A,P60953
2ic5A,2ic5,A,P60763
1kxjA,1kxj,A,Q9X0C8
2c13A,2c13,A,Q59643
1z5nA,1z5n,A,P0AF12
1gveB,1gve,B,P38918
1qgoA,1qgo,A,Q05592
1zm1A,1zm1,A,P17989
1e8tA,1e8t,A,Q9Q2W5
1kaoA,1kao,A,P10114
1hizA,1hiz,A,P40943
1lb1B,1lb1,B,P61586
1wkuA,1wku,A,Q08043
2dl7A,2dl7,A,O94868
2f28A,2f28,A,Q9Y3R4
2avdA,2avd,A,Q86VU5
1lolA,1lol,A,O26232
1nw8A,1nw8,A,P14751
6chyA,6chy,A,P0AE67
1ki1A,1ki1,A,P60953
2afaA,2afa,A,Q8ZKT7
1tqxA,1tqx,A,Q8I5L3
2eswA,2esw,A,Q9ES28
1hzfA,1hzf,A,P0C0L4
1gokA,1gok,A,P23360
2f2iA,2f2i,A,P56254
1i0iA,1i0i,A,Q4DRC4
1jgcA,1jgc,A,Q59738
1jahA,1jah,A,P01112
1d2sA,1d2s,A,P04278
1khtA,1kht,A,P43411
2j04B,2j04,B,Q06339
2a79A,2a79,A,P62483
1jcnA,1jcn,A,P20839
2atkC,2atk,C,P0A334
1g33A,1g33,A,P02625
1c1yA,1c1y,A,P62834
1wsbA,1wsb,A,P00323
1xj0A,1xj0,A,P01112
1eyeA,1eye,A,P9WND1
1nz6A,1nz6,A,Q27974
1emrA,1emr,A,P15018
1cvmA,1cvm,A,O66037
1uioA,1uio,A,P03958
1jrcA,1jrc,A,A2RJT9
1c1xA,1c1x,A,Q59771
1ynpA,1ynp,A,Q9KE47
1ssdA,1ssd,A,P00940
1lfdB,1lfd,B,P01112
1bf6A,1bf6,A,P45548
1urxA,1urx,A,G0L322
2chdA,2chd,A,P47709
1dxeA,1dxe,A,P23522
1zgdA,1zgd,A,Q40309
1ys3A,1ys3,A,P9WGK7
1f3rB,1f3r,B,
1ufkA,1ufk,A,Q84BQ9
1b4sA,1b4s,A,P22887
1npsA,1nps,A,P02966
1htwA,1htw,A,P44492
1eizA,1eiz,A,P0C0R7
1yznA,1yzn,A,P01123
1na5A,1na5,A,P11215
2faxA,2fax,A,P00322
2j05A,2j05,A,P20936
1a29A,1a29,A,P62157
1ytpA,1ytp,A,Q40378
2h57A,2h57,A,Q9H0F7
2fkzA,2fkz,A,P22759
1lgcA,1lgc,A,P04122
1fgcC,1fgc,C,P04587
1yrxA,1yrx,A,Q53119
1r5mA,1r5m,A,P38262
1tvnA,1tvn,A,O86099
1dqzA,1dqz,A,P9WQN9
2a6vA,2a6v,A,Q12396
1yvdA,1yvd,A,P35285
1kczA,1kcz,A,Q05514
1qw7A,1qw7,A,P0A434
1clfA,1clf,A,P00195
2aq5A,2aq5,A,O89053
1cmiA,1cmi,A,P63167
2cc1A,2cc1,A,Q59517
1sw0A,1sw0,A,P00940
1om0A,1om0,A,Q8L5C6
1wmxA,1wmx,A,A3DD30
2a08A,2a08,A,P32793
1l7gA,1l7g,A,P03472
1fxkC,1fxk,C,O27646
2b14A,2b14,A,P02766
1mvqA,1mvq,A,P83721
1u5sA,1u5s,A,O43639
2fliA,2fli,A,Q9A1H8
2i6vA,2i6v,A,P45777
1pftA,1pft,A,P61998
1hzbA,1hzb,A,P41016
2fj6A,2fj6,A,O31864
1cc0A,1cc0,A,P61586
1y1lA,1y1l,A,O28910
2a1bA,2a1b,A,P72761
1h1nA,1h1n,A,Q8TG26
2bv9A,2bv9,A,P16218
2erxA,2erx,A,Q96HU8
1w19A,1w19,A,P9WHE9
1gbgA,1gbg,A,P27051
2mcmA,2mcm,A,P01549
1hk0X,1hk0,X,P07320
1jphA,1jph,A,P06132
1he1C,1he1,C,P63000
1khhA,1khh,A,P10868
1ofsA,1ofs,A,P02867
1uuxA,1uux,A,Q39054
1qu0A,1qu0,A,Q60675
1auoA,1auo,A,Q53547
2bw1A,2bw1,A,P0CB53
2a8mA,2a8m,A,Q9H6P5
1cdlA,1cdl,A,P0DP23
1njrA,1njr,A,Q04299
1i3zA,1i3z,A,O35324
1odfA,1odf,A,P42938
1o1hA,1o1h,A,P24300
1wldA,1wld,A,Q9YIC2
2h2bA,2h2b,A,Q07157
1mfgA,1mfg,A,Q96RT1
2iawA,2iaw,A,Q7SIG4
2hgaA,2hga,A,O27421
1flnA,1fln,A,P00322
2eriA,2eri,A,P56879
2ahfA,2ahf,A,Q9RC92
2a36A,2a36,A,Q08012
1losA,1los,A,O26232
1uaiA,1uai,A,Q9RB42
1bcxA,1bcx,A,P09850
1zwkA,1zwk,A,Q9I509
1fvxA,1fvx,A,P00322
2dmhA,2dmh,A,Q9NZM1
1nu0A,1nu0,A,P0A8I1
2d6kA,2d6k,A,O08573
1g8aA,1g8a,A,O57811
1trfA,1trf,A,P10246
1eurA,1eur,A,Q02834
1laxA,1lax,A,P0AEX9
1efnA,1efn,A,P06241
1ucwA,1ucw,A,P0A870
1swlA,1swl,A,P22629
1k40A,1k40,A,P34152
1b9bA,1b9b,A,P36204
1lczA,1lcz,A,P22629
1b68A,1b68,A,P02649
2gh4A,2gh4,A,O34559
1axkA,1axk,A,P23904
1axkA,1axk,A,P18429
2cdpA,2cdp,A,Q6DN99
1djmA,1djm,A,P0AE67
421pA,421p,A,P01112
1brlB,1brl,B,P07739
1w6xA,1w6x,A,Q15080
5chyA,5chy,A,P0AE67
2cyeA,2cye,A,Q5SH84
1qq3A,1qq3,A,P0ABE7
2il1A,2il1,A,Q6IQ22
1friA,1fri,A,P00214
2id1A,2id1,A,Q7P0P8
2fhlA,2fhl,A,P56734
1zzpA,1zzp,A,P00519
1ya7H,1ya7,H,P28061
1nal1,1nal,1,P0A6L4
1h9pA,1h9p,A,P81637
2fe4A,2fe4,A,Q9NRW1
1m30A,1m30,A,Q64010
1w1a1,1w1a,1,O34928
2d81A,2d81,A,B2NHN2
1w0mA,1w0m,A,Q8NKN9
1fvjA,1fvj,A,P0AEG4
1gs5A,1gs5,A,P0A6C8
2esbA,2esb,A,Q8NEJ0
1idoA,1ido,A,P11215
1ihnA,1ihn,A,O27021
1rzmA,1rzm,A,Q9WYH8
2ab5A,2ab5,A,Q9ZZW7
1zkrA,1zkr,A,P30438
1zkrA,1zkr,A,P30440
1orrA,1orr,A,P14169
2dj5A,2dj5,A,O29537
1hdiA,1hdi,A,Q7SIB7
1ao3A,1ao3,A,P04275
1oxbB,1oxb,B,P39928
1ndjA,1ndj,A,P22629
2dg0A,2dg0,A,Q99QV3
1f9cA,1f9c,A,Q51958
1umnA,1umn,A,P0CB53
1j8dA,1j8d,A,P45314
1x2pA,1x2p,A,P55345
1ac1A,1ac1,A,P0AEG4
5nn9A,5nn9,A,P03472
1z78A,1z78,A,P07996
1djaA,1dja,A,P00807
4q21A,4q21,A,P01112
2cnaA,2cna,A,P02866
1uhdA,1uhd,A,P56065
1v8hA,1v8h,A,Q5SME6
2akpA,2akp,A,P02829
1npeA,1npe,A,P10493
1hibA,1hib,A,P01584
1gwnA,1gwn,A,P61588
2f9lA,2f9l,A,Q15907
2cluA,2clu,A,P02794
1jofA,1jof,A,P38677
2h9lA,2h9l,A,P61964
1ghiA,1ghi,A,P00807
1enxA,1enx,A,P36217
1sw2A,1sw2,A,O29280
2iaxA,2iax,A,Q7SIG4
1du5A,1du5,A,P33679
1wnoA,1wno,A,Q873X9
1zp4A,1zp4,A,P0AEZ1
2fmnA,2fmn,A,P0AEZ1
1tjtA,1tjt,A,Q08043
1as0A,1as0,A,P10824
1uhcA,1uhc,A,Q6XZF7
1oy1A,1oy1,A,P0ABU5
1lofC,1lof,C,P04122
1fddA,1fdd,A,P00214
1dhkB,1dhk,B,P02873
1r4wA,1r4w,A,P24473
1cjkA,1cjk,A,P30803
1og0A,1og0,A,P32449
1c3dA,1c3d,A,P01024
1aj0A,1aj0,A,P0AC13
2akoA,2ako,A,Q9PJ29
1qfjA,1qfj,A,P0AEN1
2hxcA,2hxc,A,P84888
1bpoA,1bpo,A,P11442
2co0A,2co0,A,P61964
1vhkA,1vhk,A,P54461
1xxlA,1xxl,A,O31474
1bw9B,1bw9,B,Q59771
1k77A,1k77,A,Q46891
1iysA,1iys,A,Q47066
1rttA,1rtt,A,Q9I4D4
1y6wA,1y6w,A,P0DP23
2fd2A,2fd2,A,P00214
1nc7A,1nc7,A,Q9X0F9
1ijqA,1ijq,A,P01130
2ffxJ,2ffx,J,P02792
1qqfA,1qqf,A,P01026
1ba2A,1ba2,A,P02925
1cb7A,1cb7,A,P80078
2dnuA,2dnu,A,Q5TCZ1
2d3pA,2d3p,A,P81517
1s8fA,1s8f,A,P24408
2i3tA,2i3t,A,P26449
2gjlA,2gjl,A,Q9I4V0
2hs6A,2hs6,A,Q9FEW9
1xipA,1xip,A,P40477
1qkwA,1qkw,A,P07751
1kyvA,1kyv,A,Q9UUB1
1g65D,1g65,D,P32379
1rtgA,1rtg,A,P08253
1nq6A,1nq6,A,Q59922
1xf8A,1xf8,A,Q9EY50
1yd4A,1yd4,A,Q9WYA3
2d0vA,2d0v,A,Q4AE26
1i14A,1i14,A,Q4DRC4
1z07A,1z07,A,P35278
2o8xA,2o8x,A,P9WGH1
1rhcA,1rhc,A,O93734
1a6lA,1a6l,A,P00214
2nqlA,2nql,A,A9CL63
1exbA,1exb,A,P62483
1vzwA,1vzw,A,P16250
2a5gA,2a5g,A,P62330
1kjnA,1kjn,A,O26871
1shuX,1shu,X,P58335
1mveA,1mve,A,P17989
2c2hA,2c2h,A,P60763
2ie8A,2ie8,A,Q08GC7
1vkuA,1vku,A,Q9WY19
1yp8A,1yp8,A,P0C589
1rd5A,1rd5,A,P42390
1xi3A,1xi3,A,Q8U192
1cluA,1clu,A,P01112
1nexB,1nex,B,P07834
1avbA,1avb,A,P19329
1gaoA,1gao,A,P00214
1ve3A,1ve3,A,O57965
1ta3B,1ta3,B,Q00177
1xwyA,1xwy,A,P27859
1jlkA,1jlk,A,Q55169
1fy2A,1fy2,A,P36936
1qjpA,1qjp,A,P0A910
1kwnA,1kwn,A,
2gpyA,2gpy,A,Q9KDE1
2b4qA,2b4q,A,Q9RPT1
1z6oM,1z6o,M,A0A7E5WTY7
2bnjA,2bnj,A,P23360
2dm4A,2dm4,A,Q92673
1yd9A,1yd9,A,Q02874
1pooA,1poo,A,O66037
1owqA,1owq,A,P30922
2h3mA,2h3m,A,Q07157
1of3A,1of3,A,Q9RIK9
1tweA,1twe,A,P01584
1km1A,1km1,A,O26232
1d5cA,1d5c,A,Q26000
2bv2A,2bv2,A,F6Q2R9
2gj8A,2gj8,A,P25522
1a45A,1a45,A,P23005
2ib0A,2ib0,A,O05815
3nn9A,3nn9,A,P03472
1hh4A,1hh4,A,P63000
1rxjA,1rxj,A,P22629
1wwbX,1wwb,X,Q16620
1sulA,1sul,A,P38424
1v0zA,1v0z,A,Q6XV27
1x7gA,1x7g,A,P16544
1m27C,1m27,C,P06241
1i4dD,1i4d,D,P63000
1i1rB,1i1r,B,Q98823
1dslA,1dsl,A,P02526
1rxeA,1rxe,A,P0A006
1i60A,1i60,A,P42419
1ynaA,1yna,A,O43097
1zcaA,1zca,A,P27600
2fceA,2fce,A,P53141
1uv4A,1uv4,A,P94522
2b86A,2b86,A,O43639
2belA,2bel,A,P28845
1xtqA,1xtq,A,Q15382
2h2uA,2h2u,A,Q8WVQ1
1cxzB,1cxz,B,Q16512
1pdrA,1pdr,A,Q12959
1n6oA,1n6o,A,P20339
1infA,1inf,A,P03474
1rciA,1rci,A,P07797
2d5rB,2d5r,B,P50616
1kz6A,1kz6,A,Q9UUB1
2d9rA,2d9r,A,Q7MXL1
1usmA,1usm,A,P83819
1pvhB,1pvh,B,P15018
1aucA,1auc,A,P10599
2hxpA,2hxp,A,Q99956
1sq0A,1sq0,A,P04275
1c4qA,1c4q,A,P69179
1upsA,1ups,A,Q934G8
2i00A,2i00,A,Q831Y9
1gamA,1gam,A,P02526
1km0A,1km0,A,O26232
1d9eA,1d9e,A,P0A715
1sfjA,1sfj,A,Q6GII7
1wy7A,1wy7,A,O59611
2b8qA,2b8q,A,Q5UQL3
1lrtA,1lrt,A,P50097
1x24A,1x24,A,Q78EG7
2a4yA,2a4y,A,
2dclA,2dcl,A,O59172
1r3rA,1r3r,A,P06132
2g2jA,2g2j,A,
1drkA,1drk,A,P02925
1mhnA,1mhn,A,Q16637
1u5vA,1u5v,A,P9WPE1
1kv8A,1kv8,A,P39304
1aewA,1aew,A,P02791
1dvjA,1dvj,A,O26232
1e0sA,1e0s,A,P62330
2nlyA,2nly,A,Q9KCS7
1treA,1tre,A,P0A858
2iatA,2iat,A,Q7SIG4
1jo0A,1jo0,A,P71376
2nycA,2nyc,A,P12904
1jyaA,1jya,A,P31491
1wbiA,1wbi,A,P56732
1m3bA,1m3b,A,Q64010
1qwgA,1qwg,A,Q57703
1b7tY,1b7t,Y,P13543
1wrmA,1wrm,A,Q9NRW4
1gilA,1gil,A,P10824
2fzfA,2fzf,A,Q8U1L6
1mowA,1mow,A,P21505
1mowA,1mow,A,P05725
1qo2A,1qo2,A,Q9X0C7
1jjiA,1jji,A,O28558
1y0mA,1y0m,A,P10686
1d1rA,1d1r,A,P08245
2fkaA,2fka,A,P0A2D5
1xseA,1xse,A,Q6QLL4
1gcoA,1gco,A,P40288
1yzxA,1yzx,A,Q9Y2Q3
2dczA,2dcz,A,P18429
1rliA,1rli,A,P96726
1wzcA,1wzc,A,O58690
1evsA,1evs,A,P13725
1z4aA,1z4a,A,Q9X0L2
1mnsA,1mns,A,P11444
1d1zA,1d1z,A,O60880
2d6oX,2d6o,X,O08573
1ghqA,1ghq,A,P01024
2h6gB,2h6g,B,P49356
1g6bA,1g6b,A,P00214
2df6A,2df6,A,O55043
1jbeA,1jbe,A,P0AE67
1a3kA,1a3k,A,P17931
2clsA,2cls,A,Q92730
1am4D,1am4,D,P60953
1kgeA,1kge,A,P00807
1klzA,1klz,A,O26232
1kalA,1kal,A,P56254
1zm0A,1zm0,A,P08567
1ox8A,1ox8,A,P0AFZ3
1pt4A,1pt4,A,P58454
1fdwA,1fdw,A,P14061
1zosA,1zos,A,Q8DQ16
1oo2A,1oo2,A,Q9PTT3
1gqoA,1gqo,A,P54517
1skoA,1sko,A,Q9UHA4
1vg1A,1vg1,A,P09527
2a4kA,2a4k,A,
1d2gA,1d2g,A,P13255
1o9rA,1o9r,A,Q8UCK6
2i6gA,2i6g,A,Q8ZPC3
1mfiA,1mfi,A,P34884
2ah6A,2ah6,A,Q9KCH6
1fbaA,1fba,A,P07764
1ooeA,1ooe,A,Q9XVJ3
1ywxA,1ywx,A,P61193
2f24A,2f24,A,Q9Y3R4
2feiA,2fei,A,Q9Y5K6
1g5vA,1g5v,A,Q16637
1g9fA,1g9f,A,P05046
1x1zA,1x1z,A,O26232
2c41A,2c41,A,Q8DG54
1b5tA,1b5t,A,P0AEZ1
2gtpA,2gtp,A,P63096
1vyhC,1vyh,C,P63005
2bz8A,2bz8,A,Q96B97
2bjyA,2bjy,A,P80725
1palA,1pal,A,P02619
1w54A,1w54,A,Q59643
2j0vA,2j0v,A,O82480
1uawA,1uaw,A,Q61474
1rstB,1rst,B,P22629
1azlA,1azl,A,P00323
1c9lA,1c9l,A,P11442
1a7dA,1a7d,A,P02247
2fpbA,2fpb,A,P68175
1s1nA,1s1n,A,O15259
1u37A,1u37,A,Q02410
1wa5A,1wa5,A,P62825
1u5wA,1u5w,A,P39411
2cnxA,2cnx,A,P61964
1bwqA,1bwq,A,Q29460
1tikA,1tik,A,P41407
1acvA,1acv,A,P0AEG4
2fwaA,2fwa,A,Q2QJL3
1kggA,1kgg,A,P00807
2awxA,2awx,A,Q62696
1qtwA,1qtw,A,P0A6C1
1xmpA,1xmp,A,A0A6L7HA71
2bmdA,2bmd,A,P20338
2f7sA,2f7s,A,O00194
1jpkA,1jpk,A,P06132
2ho3A,2ho3,A,
1j2jA,1j2j,A,P84078
1dglA,1dgl,A,P08902
1x94A,1x94,A,Q9KPY2
1km3A,1km3,A,O26232
1j9gA,1j9g,A,P00323
2iqqA,2iqq,A,Q5ZXE1
1yjgA,1yjg,A,O34000
1q7fA,1q7f,A,Q8MQJ9
2folA,2fol,A,P62820
2hs8A,2hs8,A,Q9FEW9
1iruL,1iru,L,Q32KL2
1ak4C,1ak4,C,P12497
1bvvA,1bvv,A,P09850
1h4aX,1h4a,X,P07320
1q5qH,1q5q,H,Q53079
1edyA,1edy,A,Q63041
2ht5A,2ht5,A,Q07599
1gyeB,1gye,B,P95470
1nvmA,1nvm,A,P51016
2dqwA,2dqw,A,Q5SLV2
1j4eA,1j4e,A,P00883
1fpzA,1fpz,A,Q16667
1vpyA,1vpy,A,Q838R9
2aj0A,2aj0,A,Q60048
2fleA,2fle,A,Q9J2R0
1nrjB,1nrj,B,P36057
1f5zA,1f5z,A,P44539
1ryfA,1ryf,A,P63000
1n6rA,1n6r,A,P20339
1qpnA,1qpn,A,P9WJJ7
1vh0A,1vh0,A,P0C1V0
1d4kA,1d4k,A,P03369
1lgbA,1lgb,A,P04122
1z6yA,1z6y,A,Q9Y689
1wwjA,1wwj,A,P74645
1xndA,1xnd,A,P48793
1fkwA,1fkw,A,P03958
1sofA,1sof,A,P22759
1a2bA,1a2b,A,P61586
1g63A,1g63,A,P30197
1j2wA,1j2w,A,Q5SJ28
1z0fA,1z0f,A,P61106
1wcqA,1wcq,A,Q02834
1f05A,1f05,A,P37837
2g2dA,2g2d,A,P9WP99
1usqA,1usq,A,P24093
2b5nA,2b5n,A,Q16531
1uayA,1uay,A,Q7SIA1
2fxaA,2fxa,A,P11065
1r8qA,1r8q,A,P84080
1a0nB,1a0n,B,P06241
9gaaA,9gaa,A,Q47898
2clpA,2clp,A,O95154
1eerA,1eer,A,P01588
2hv8A,2hv8,A,P62491
1ky2A,1ky2,A,P32939
2erfA,2erf,A,P07996
1f9hA,1f9h,A,P26281
2f1rA,2f1r,A,O28031
1o50A,1o50,A,Q9X033
2h0bA,2h0b,A,Q28146
1m12A,1m12,A,P07602
2bp1A,2bp1,A,O43488
1wxbA,1wxb,A,Q9H6S3
2dttA,2dtt,A,O58368
2bl0B,2bl0,B,P08053
1xbyA,1xby,A,P39304
1a5cA,1a5c,A,P14223
2iy4A,2iy4,A,Q8Y8G1
1dosA,1dos,A,P0AB71
2hwxA,2hwx,A,Q86US8
1y5vA,1y5v,A,P28720
1wlcA,1wlc,A,Q9YIC2
1lyxA,1lyx,A,Q07412
2amuA,2amu,A,Q9WZC6
1s2bA,1s2b,A,P15369
1kp9A,1kp9,A,P9WPB7
1g0uE,1g0u,E,P40302
1z9wA,1z9w,A,P9WNC5
1yx1A,1yx1,A,Q9I1L3
1xc4A,1xc4,A,P0A877
2b0cA,2b0c,A,P0A8Y3
1tmhA,1tmh,A,P0A858
1tmhA,1tmh,A,P00940
2aglA,2agl,A,P84888
1w8sA,1w8s,A,P58315
1u8yA,1u8y,A,P63320
2cz4A,2cz4,A,Q5SKX7
1ktmA,1ktm,A,Q00944
1nqjA,1nqj,A,Q9X721
1bjqA,1bjq,A,P05045
2chbD,2chb,D,P01556
1a4gA,1a4g,A,P27907
1b8rA,1b8r,A,P02618
1vcvA,1vcv,A,Q8ZXK7
1shfA,1shf,A,P06241
1nonA,1non,A,P41007
1vizA,1viz,A,O34790
2dmoA,2dmo,A,P19878
2f0aA,2f0a,A,P51142
1m8gA,1m8g,A,O26253
2fmdA,2fmd,A,P42088
1macA,1mac,A,P23904
1wo8A,1wo8,A,Q5SHD6
1w6qA,1w6q,A,P09382
121pA,121p,A,P01112
1mm9A,1mm9,A,P22629
2g3yA,2g3y,A,P55040
1w15A,1w15,A,P50232
1ammA,1amm,A,P02526
1fjxA,1fjx,A,P05102
1spvA,1spv,A,P0A8D6
1doaA,1doa,A,P60953
1bc6A,1bc6,A,Q45560
1epxA,1epx,A,Q9U5N6
1o9gA,1o9g,A,Q9F5K5
1m6jA,1m6j,A,O02611
2o2zA,2o2z,A,Q9K706
1flaA,1fla,A,P00322
1vr7A,1vr7,A,Q9WZC3
2bh8A,2bh8,A,P0AG67
1gkyA,1gky,A,P15454
1ad1A,1ad1,A,O05701
1sv0C,1sv0,C,Q7K119
1nc5A,1nc5,A,O34559
1gmxA,1gmx,A,P0A6V5
1yp5A,1yp5,A,Q04439
1hzyA,1hzy,A,P0A434
1rtzA,1rtz,A,P26281
1bqpA,1bqp,A,P02867
2b6hA,2b6h,A,P84085
2azcA,2azc,A,P03367
1b71A,1b71,A,P24931
1xwwA,1xww,A,P24666
1hefE,1hef,E,P03366
2iasA,2ias,A,Q7SIG4
1urrA,1urr,A,Q9VF36
1z54A,1z54,A,Q5SJV0
2in3A,2in3,A,Q82S11
4icbA,4icb,A,P02633
2atvA,2atv,A,Q96A58
2hvyB,2hvy,B,Q8U029
1r9xA,1r9x,A,P25524
1kppA,1kpp,A,Q99816
1dl3A,1dl3,A,Q56320
2ghwB,2ghw,B,Q65ZC9
1ptsA,1pts,A,P22629
1adoA,1ado,A,P00883
1j2tA,1j2t,A,P83772
1dzbA,1dzb,A,
1to0A,1to0,A,Q45601
1brlA,1brl,A,P07740
1hzvA,1hzv,A,P24474
2j3tC,2j3t,C,Q5NCF2
2hcmA,2hcm,A,Q8BTR5
1ujpA,1ujp,A,P16608
9gacA,9gac,A,Q47898
1w90A,1w90,A,Q9C171
1uptA,1upt,A,P40616
2cf7A,2cf7,A,P0CB53
2gzdA,2gzd,A,P62491
1tl2A,1tl2,A,Q27084
2nyiA,2nyi,A,J3QW32
1nzjA,1nzj,A,P27305
1i6wA,1i6w,A,P37957
1rccA,1rcc,A,P07797
1yn9A,1yn9,A,P24656
1ru0A,1ru0,A,Q9CZL5
1tjnA,1tjn,A,O29537
1w8tA,1w8t,A,Q9C171
2fneA,2fne,A,O75970
1ds6A,1ds6,A,P15153
1zwyA,1zwy,A,Q9KU27
1mzhA,1mzh,A,O66540
2aepA,2aep,A,Q9DL16
1f4pA,1f4p,A,P00323
1u0aA,1u0a,A,P23904
1j7jA,1j7j,A,O33799
1ynzA,1ynz,A,Q06449
1u7oA,1u7o,A,Q9D967
1vlzA,1vlz,A,P0AE67
1umzA,1umz,A,Q8GZD5
1npkA,1npk,A,P22887
1kv9A,1kv9,A,Q8GR64
1hqqA,1hqq,A,P22629
1mffA,1mff,A,P34884
1k76A,1k76,A,P29355
1spwA,1spw,A,P00270
1xk8A,1xk8,A,O60888
1q45A,1q45,A,Q9FUP0
2hwwA,2hww,A,Q86US8
1kcyA,1kcy,A,P02633
1bgdA,1bgd,A,P35834
1u14A,1u14,A,P39432
1g55A,1g55,A,O14717
1jg1A,1jg1,A,Q8TZR3
1wvtA,1wvt,A,Q96YJ2
1zbdA,1zbd,A,P63012
2ak7A,2ak7,A,O06976
1ukuA,1uku,A,O58720
2d0oB,2d0o,B,O68196
4hckA,4hck,A,P08631
1h6yA,1h6y,A,P51584
1ydnA,1ydn,A,Q8YEF2
1dykA,1dyk,A,Q60675
2a78A,2a78,A,P11233
1ddnA,1ddn,A,P0DJL7
1vhnA,1vhn,A,Q9WXV1
1i3qK,1i3q,K,P38902
1km2A,1km2,A,O26232
1eutA,1eut,A,Q02834
1nloC,1nlo,C,P00523
1ulrA,1ulr,A,Q5SKS6
1lkiA,1lki,A,P09056
1a0oA,1a0o,A,P0AE67
1nfhA,1nfh,A,O28323
1vs1A,1vs1,A,Q9YEJ7
1m3uA,1m3u,A,P31057
1qq5A,1qq5,A,Q60099
2d58A,2d58,A,P55008
2h00A,2h00,A,Q86W50
1t5iA,1t5i,A,Q13838
1xq1A,1xq1,A,P0DKI3
2gdnA,2gdn,A,P9WKD3
1rv8A,1rv8,A,Q9RHA2
1zcoA,1zco,A,Q8U0A9
2hk0A,2hk0,A,A9CH28
1alqA,1alq,A,P00807
1lcvA,1lcv,A,P22629
2b1uA,2b1u,A,Q9NZT1
1oy0A,1oy0,A,P9WIL7
1oyaA,1oya,A,Q02899
1pz8A,1pz8,A,P31696
2iauA,2iau,A,Q7SIG4
1qgc4,1qgc,4,P01837
1pc4A,1pc4,A,P00214
2issD,2iss,D,Q9WYU3
1of9A,1of9,A,P34095
1fo0B,1fo0,B,P04214
1zixA,1zix,A,P0A114
1wzzA,1wzz,A,P37696
1w8zA,1w8z,A,Q9C171
1strB,1str,B,P22629
2gm3A,2gm3,A,Q8LGG8
1wy1A,1wy1,A,O58404
1oryA,1ory,A,O67806
1gq4A,1gq4,A,P07550
1swsA,1sws,A,P22629
1rcuA,1rcu,A,Q9X0E5
1x90A,1x90,A,Q9LNF2
1tv5A,1tv5,A,Q08210
1lknA,1lkn,A,Q9X0J6
2batA,2bat,A,P06820
1v93A,1v93,A,Q9RA47
1vhrA,1vhr,A,P51452
1qkkA,1qkk,A,P13632
1qwkA,1qwk,A,P91020
1gvfA,1gvf,A,P0AB74
2f6uA,2f6u,A,O29844
1kfcA,1kfc,A,P00929
1jgmA,1jgm,A,P0A434
2a8lA,2a8l,A,Q9H6P5
2gxqA,2gxq,A,O07897
1kgyA,1kgy,A,P54763
1n7kA,1n7k,A,Q9Y948
2f2xA,2f2x,A,P07751
1k9uA,1k9u,A,O82040
1hzoA,1hzo,A,P52664
1g0uD,1g0u,D,P32379
1yuzA,1yuz,A,P30820
1zzmA,1zzm,A,P39408
1bh4A,1bh4,A,P56871
1wuvA,1wuv,A,P14894
1v74B,1v74,B,P11899
1tucA,1tuc,A,P07751
1vc4A,1vc4,A,P84126
1iu9A,1iu9,A,O58403
2hhgA,2hhg,A,Q6N3S9
2nzjA,2nzj,A,O75628
1aeyA,1aey,A,P07751
1hybA,1hyb,A,O26253
1sn0A,1sn0,A,Q9PTT3
1nlxA,1nlx,A,P43215
2ixqB,2ixq,B,Q57254
2h9aA,2h9a,A,Q3ACS3
1kdkA,1kdk,A,P04278
1bcfA,1bcf,A,P0ABD3
2g0nA,2g0n,A,P60763
1fx5A,1fx5,A,P22972
2mtaH,2mta,H,P29894
1r3sA,1r3s,A,P06132
1uadA,1uad,A,P11233
2d2rA,2d2r,A,P55984
1cgqA,1cgq,A,P14174
1m3aA,1m3a,A,Q64010
1z0aA,1z0a,A,P61019
1o66A,1o66,A,Q9JZW6
1tx4B,1tx4,B,P61586
1lk0A,1lk0,A,P0A006
1uhfA,1uhf,A,Q9NZM3
1r2kB,1r2k,B,P0AEZ9
1ny1A,1ny1,A,O34928
2he4A,2he4,A,Q15599
2a0nA,2a0n,A,Q9X0C6
1a53A,1a53,A,Q06121
1veuB,1veu,B,Q9JHS3
1g0uM,1g0u,M,P30657
1cbkA,1cbk,A,P43777
2fg5A,2fg5,A,Q13636
1l6wA,1l6w,A,P78055
1f2jA,1f2j,A,P07752
2exsC,2exs,C,Q9X6J6
2d90A,2d90,A,Q9JIL4
1w37A,1w37,A,O54288
1wznA,1wzn,A,O59000
1ajkA,1ajk,A,P23904
1h8kA,1h8k,A,P07751
1gzjA,1gzj,A,Q8TG26
1yz4A,1yz4,A,Q9H1R2
1rlkA,1rlk,A,Q9HLW6
2gj0A,2gj0,A,P85177
1swhA,1swh,A,P22629
1t91A,1t91,A,P51149
2digA,2dig,A,Q14739
2htvA,2htv,A,Q6XV46
1m62A,1m62,A,O95429
1arkA,1ark,A,P20929
1ggwA,1ggw,A,Q09196
2b25A,2b25,A,Q9BVS5
1r74A,1r74,A,Q14749
1sflA,1sfl,A,Q6GII7
1elpA,1elp,A,P08209
1r1fA,1r1f,A,P84645
1r3vA,1r3v,A,P06132
2erjD,2erj,D,P60568
1ju5C,1ju5,C,P00519
1fstA,1fst,A,P52565
2amxA,2amx,A,Q7RMV2
1wd5A,1wd5,A,Q5SIB2
2hbvA,2hbv,A,Q83V25
2gedA,2ged,A,P36057
1rcdA,1rcd,A,P07797
1c4rA,1c4r,A,Q63373
2dw6A,2dw6,A,Q89FH0
1ry9A,1ry9,A,P35530
2b9eA,2b9e,A,Q96P11
2jb9A,2jb9,A,P0AFJ5
1c4wA,1c4w,A,P0AE67
1k4uS,1k4u,S,P19878
1itfA,1itf,A,P01563
1e1aA,1e1a,A,Q7SIG4
1vr6A,1vr6,A,Q9WYH8
2awcA,2awc,A,Q9REU3
1x50A,1x50,A,P56470
1v7yA,1v7y,A,P0A877
1nvvQ,1nvv,Q,P01112
1c9oA,1c9o,A,P41016
1e6mA,1e6m,A,P0AE67
1pscA,1psc,A,P0A434
1gszA,1gsz,A,P33247
1ndvA,1ndv,A,P56658
1kqvA,1kqv,A,P02633
1bedA,1bed,A,P32557
1rtp1,1rtp,1,P02625
2inpC,2inp,C,Q84AQ4
1pzmA,1pzm,A,Q9NJI5
1cs4A,1cs4,A,P30803
1bynA,1byn,A,P21707
1tu3A,1tu3,A,P20339
2bc3A,2bc3,A,P22629
1el3A,1el3,A,P15121
1rwiB,1rwi,B,P9WI79
1zmrA,1zmr,A,P0A799
1rj9B,1rj9,B,O07347
2citA,2cit,A,P16218
1vrdA,1vrd,A,Q9X168
1eg2A,1eg2,A,P14751
1y13A,1y13,A,C6KTB6
1g4uR,1g4u,R,P63000
2cd7A,2cd7,A,P0A006
2a1iA,2a1i,A,P07992
2b3rA,2b3r,A,Q61194
1n4kA,1n4k,A,P11881
1iqzA,1iqz,A,P10245
1gzwA,1gzw,A,P09382
1cnt1,1cnt,1,P26441
1f8hA,1f8h,A,P42566
2d8kA,2d8k,A,O43581
1jbjA,1jbj,A,P22646
1jbjA,1jbj,A,P11942
1qhfA,1qhf,A,P00950
1zldA,1zld,A,P78737
1cpmA,1cpm,A,P23904
1mg2A,1mg2,A,P29894
1rgvA,1rgv,A,O88151
1nksA,1nks,A,P35028
1wjgA,1wjg,A,Q5SJV7
2iwoA,2iwo,A,O75970
1r0uA,1r0u,A,O07624
1bbzE,1bbz,E,P00519
1t1jA,1t1j,A,Q9I3M0
1zgzA,1zgz,A,P38684
1tnrA,1tnr,A,P01374
1o4zA,1o4z,A,Q9RGX8
1ymuA,1ymu,A,P0AE67
2b8hA,2b8h,A,P05803
1pyfA,1pyf,A,P46336
1fw8A,1fw8,A,P00560
1x1oA,1x1o,A,Q5SJM3
2itbA,2itb,A,Q88KV1
1gslA,1gsl,A,P24146
1rinA,1rin,A,P02867
2awwA,2aww,A,Q62696
1iaqA,1iaq,A,P01112
1th8B,1th8,B,O32726
2bygA,2byg,A,Q15700
521pA,521p,A,P01112
1wyxA,1wyx,A,P56945
1ozmA,1ozm,A,P28720
2ntnA,2ntn,A,P9WGT3
1wpnA,1wpn,A,P37487
1sw3A,1sw3,A,P00940
1xdlA,1xdl,A,P05062
1bqxA,1bqx,A,Q45560
2ns1B,2ns1,B,P0AC55
2gb4A,2gb4,A,O55060
2dirA,2dir,A,Q9NXG2
1drjA,1drj,A,P02925
1ekeA,1eke,A,Q57599
1ea8A,1ea8,A,P02649
2cjtA,2cjt,A,Q62768
1o6dA,1o6d,A,Q9WZU8
1azgB,1azg,B,P06241
1e6gA,1e6g,A,P07751
2g8sA,2g8s,A,P75804
1lrwA,1lrw,A,P12293
1fg6C,1fg6,C,P04587
1uumA,1uum,A,Q63707
1wi7A,1wi7,A,Q8R550
1x2kA,1x2k,A,Q92882
1nf4A,1nf4,A,Q93PP9
1ab0A,1ab0,A,P04117
1im8A,1im8,A,P43985
1blpA,1blp,A,P00807
1cspA,1csp,A,P32081
1te1B,1te1,B,Q9HFH0
2c91A,2c91,A,Q8CG76
1jmxB,1jmx,B,Q8VW82
1is7K,1is7,K,P70552
2a5dA,2a5d,A,P62330
1yzhA,1yzh,A,P67506
1snlA,1snl,A,Q02818
1ncdN,1ncd,N,P05803
1g4pA,1g4p,A,P39594
1slaA,1sla,A,P11116
1p6bA,1p6b,A,P0A433
2frsA,2frs,A,P29373
2fe5A,2fe5,A,Q92796
1fwnA,1fwn,A,O66496
1y5mA,1y5m,A,P50172
1hdkA,1hdk,A,Q05315
1lhnA,1lhn,A,P04278
1wg8A,1wg8,A,Q5SJD8
2a10A,2a10,A,P73407
2ia9A,2ia9,A,P28015
2garA,2gar,A,P08179
2sasA,2sas,A,P04570
2d80A,2d80,A,B2NHN2
1kmqA,1kmq,A,P61586
2awuA,2awu,A,Q62696
1wozA,1woz,A,Q970Z7
1d3bA,1d3b,A,P62318
1frlA,1frl,A,P00214
1ehwA,1ehw,A,O00746
1gcqA,1gcq,A,P62993
1w8rA,1w8r,A,
1l5yA,1l5y,A,P13632
1b9xA,1b9x,A,P62871
1un2A,1un2,A,P0AEG4
4sgbI,4sgb,I,P01080
1lpeA,1lpe,A,P02649
2il5A,2il5,A,A0A0H2XIZ7
1g8wA,1g8w,A,P05087
1rzxA,1rzx,A,O97111
1wmsA,1wms,A,P51151
1semA,1sem,A,P29355
1ha4A,1ha4,A,P22914
1xtpA,1xtp,A,Q4Q7M2
1h4gA,1h4g,A,Q7SIE3
1ivnA,1ivn,A,P0ADA1
2ccvA,2ccv,A,Q2F1K8
1cqgA,1cqg,A,P10599
1b64A,1b64,A,P24534
1r4aA,1r4a,A,P61212
1b93A,1b93,A,P0A731
1vj6A,1vj6,A,Q64512
1thfD,1thf,D,Q9X0C6
1rxhA,1rxh,A,P22629
1tmyA,1tmy,A,Q56312
1gzgA,1gzg,A,Q59643
1m8fA,1m8f,A,O26253
1xx1A,1xx1,A,Q8I914
1jsxA,1jsx,A,P0A6U5
1puiA,1pui,A,P0A6P7
2cwnA,2cwn,A,Q93092
1kkoA,1kko,A,O66145
1e0vA,1e0v,A,P26514
1rytA,1ryt,A,P24931
2gnqA,2gnq,A,P61964
1o4tA,1o4t,A,Q9X113
2h17A,2h17,A,Q9Y689
1kffA,1kff,A,P22629
2ielA,2iel,A,Q72LM7
31biA,31bi,A,P01584
2izbA,2izb,A,P22629
1pexA,1pex,A,P45452
1kl4A,1kl4,A,P22629
2f2vA,2f2v,A,P07751
2bwqA,2bwq,A,Q9JIS1
2fhgH,2fhg,H,P9WHT9
1r9lA,1r9l,A,P0AFM2
2hv2A,2hv2,A,Q836T6
1zx0A,1zx0,A,
1cqmA,1cqm,A,Q5SLP8
1ckaA,1cka,A,Q64010
1gveA,1gve,A,P38918
1fukA,1fuk,A,P10081
1dy7A,1dy7,A,P72181
1axqA,1axq,A,P00214
1ylwA,1ylw,A,Q939N4
1yzuA,1yzu,A,Q9UL25
2hpvA,2hpv,A,Q831B2
1yzgA,1yzg,A,Q96KC2
2bvdA,2bvd,A,P16218
1ar0A,1ar0,A,P61972
1zp3A,1zp3,A,P0AEZ1
1r3qA,1r3q,A,P06132
2cipA,2cip,A,P16218
1djbA,1djb,A,P00807
2gjjA,2gjj,A,
1b1cA,1b1c,A,P16435
2fqpA,2fqp,A,Q7VWF8
1ztgA,1ztg,A,Q15365
2j6fA,2j6f,A,Q9Y5K6
2clbA,2clb,A,P95855
1azeA,1aze,A,P62993
1emdA,1emd,A,P61889
1n47A,1n47,A,P56625
1o9yA,1o9y,A,O85094
2asrA,2asr,A,P07017
1f51E,1f51,E,P06628
1byhA,1byh,A,P23904
1bkzA,1bkz,A,P47929
1k6zA,1k6z,A,P31491
1km6A,1km6,A,O26232
1b5lA,1b5l,A,P56828
2darA,2dar,A,Q96HC4
1gyhA,1gyh,A,P95470
1k24A,1k24,A,Q51227
1pbjA,1pbj,A,O27659
2g9aA,2g9a,A,P61964
1i0lA,1i0l,A,Q4DRC4
1dilA,1dil,A,P29768
1j4xA,1j4x,A,P51452
2bxjA,2bxj,A,P23370
2f1fA,2f1f,A,P00894
1oh3A,1oh3,A,Q9C171
1odxA,1odx,A,P04585
2iapA,2iap,A,Q7SIG4
1p8aA,1p8a,A,O00810
1m45A,1m45,A,P53141
1i1nA,1i1n,A,P22061
1gqnA,1gqn,A,P24670
1tpb1,1tpb,1,P00940
1v27A,1v27,A,Q9UQ26
1atgA,1atg,A,Q7SIH2
1ljlA,1ljl,A,P0A006
1hwgA,1hwg,A,P01241
1c1fA,1c1f,A,P26788
1tv7A,1tv7,A,P69848
2h50A,2h50,A,Q41560
1bsgA,1bsg,A,P14559
1j2vA,1j2v,A,O58720
1f6lL,1f6l,L,P01597
2ocsA,2ocs,A,Q15599
1g3iG,1g3i,G,P43772
1v04A,1v04,A,P27170
1x43A,1x43,A,Q9JK48
1qghA,1qgh,A,P80725
1xkpB,1xkp,B,P61380
1rkbA,1rkb,A,Q9Y3D8
1zv4X,1zv4,X,Q9UGC6
2d4dA,2d4d,A,P61769
2b38A,2b38,A,P85175
221pA,221p,A,P01112
1eepA,1eep,A,P49058
1e7oA,1e7o,A,P07751
1mfrA,1mfr,A,P07798
1sa8A,1sa8,A,P02693
1ioaA,1ioa,A,Q42460
1ftcA,1ftc,A,P00214
2g6bA,2g6b,A,Q9ULW5
2cj4A,2cj4,A,O49908
1dv7A,1dv7,A,O26232
1us4A,1us4,A,P83817
1dwlA,1dwl,A,P07485
1tvlA,1tvl,A,O34974
1y4yA,1y4y,A,P42013
1gff2,1gff,2,P03644
1f30A,1f30,A,P0ABT2
1b30A,1b30,A,P56588
1x3sA,1x3s,A,Q9NP72
1p22A,1p22,A,Q9Y297
1fkxA,1fkx,A,P03958
1ojxA,1ojx,A,P58315
1ywoA,1ywo,A,P10686
2a1fA,2a1f,A,P43890
2al7A,2al7,A,Q9NVJ2
1nxiA,1nxi,A,Q9KUU1
1t6t1,1t6t,1,O67859
2bvzA,2bvz,A,P23370
1wu6A,1wu6,A,Q9KB30
1g7yA,1g7y,A,P19588
1d2nA,1d2n,A,P18708
1id0A,1id0,A,P23837
1u89A,1u89,A,P26039
2c4iA,2c4i,A,P02701
1a5dA,1a5d,A,P02528
1vrcA,1vrc,A,P69797
1huqA,1huq,A,P35278
1yj5C,1yj5,C,Q9JLV6
1z22A,1z22,A,P35288
1q8oA,1q8o,A,Q8GSD2
1mjcA,1mjc,A,P0A9X9
2fn4A,2fn4,A,P10301
2esrA,2esr,A,
2bmjA,2bmj,A,Q99490
2fhpA,2fhp,A,Q831P8
1n7tA,1n7t,A,Q96RT1
2cjwA,2cjw,A,P55040
1he8B,1he8,B,P01112
1yb2A,1yb2,A,Q9HJW1
2glwA,2glw,A,O73971
2a6bA,2a6b,A,Q8DQK6
1y80A,1y80,A,Q2RJ67
2a37A,2a37,A,Q08012
1al0G,1al0,G,P03643
1v5xA,1v5x,A,P83825
1bwrA,1bwr,A,Q29460
1gwgA,1gwg,A,P02791
2d1xA,2d1x,A,Q14247
1dcfA,1dcf,A,P49333
1wa3A,1wa3,A,Q9WXS1
1y81A,1y81,A,Q8U2V3
1gnnA,1gnn,A,P03366
2bkyA,2bky,A,P60849
2g99A,2g99,A,P61964
1hgxA,1hgx,A,P51900
1i2qA,1i2q,A,P0A870
1g0uL,1g0u,L,P23724
1a23A,1a23,A,P0AEG4
2fbeA,2fbe,A,A6NLU0
1p1bA,1p1b,A,P10868
1qlyA,1qly,A,Q06187
1xcmA,1xcm,A,P01112
1jigA,1jig,A,Q8RPQ1
1frkA,1frk,A,P00214
1gxrA,1gxr,A,Q04724
2gscA,2gsc,A,Q8PD29
1ravA,1rav,A,P02701
1y2tA,1y2t,A,Q00022
1lemA,1lem,A,P02870
1kikA,1kik,A,P06239
1lteA,1lte,A,P16404
1ybvA,1ybv,A,Q12634
1vbrA,1vbr,A,Q9WXS5
1vg0B,1vg0,B,P09527
1hv1A,1hv1,A,P09850
1c25A,1c25,A,P30304
1xe4A,1xe4,A,Q9EY50
1an0A,1an0,A,P60953
2o5hA,2o5h,A,Q9K0R7
1g65G,1g65,G,P21243
2gouA,2gou,A,Q8EEC8
1bocA,1boc,A,P02633
2cyjA,2cyj,A,O59174
1kgfA,1kgf,A,P00807
1xeaA,1xea,A,Q9KKQ4
2dfyX,2dfy,X,P61969
1df6A,1df6,A,P82230
1n6hA,1n6h,A,P20339
1ydhA,1ydh,A,Q84MC2
1o4yA,1o4y,A,G0L322
1t2xA,1t2x,A,P0CS93
1wbfA,1wbf,A,O24313
1k8kC,1k8k,C,Q58CQ2
2imhA,2imh,A,Q5LQD5
1pc5A,1pc5,A,P00214
2heiA,2hei,A,P61020
2i48A,2i48,A,Q55460
2bf6A,2bf6,A,Q59310
1gv9A,1gv9,A,Q62902
1vjxA,1vjx,A,Q9X1L2
1uvhA,1uvh,A,P0C558
1e0wA,1e0w,A,P26514
1fntA,1fnt,A,P21243
2btmA,2btm,A,P00943
1y5eA,1y5e,A,Q816R0
1kjlA,1kjl,A,P17931
1udrA,1udr,A,P0AE67
1zcrA,1zcr,A,P02766
2dleA,2dle,A,Q12913
1hqlA,1hql,A,Q8W1R6
1rz3A,1rz3,A,P84134
1n1qA,1n1q,A,P83695
1f6yA,1f6y,A,Q46389
5csmA,5csm,A,P32178
2chiA,2chi,A,P02794
1amfA,1amf,A,P37329
1ganA,1gan,A,P56217
1ymvA,1ymv,A,P0AE67
1pv8A,1pv8,A,P13716
2hcvA,2hcv,A,Q75WH8
1lf1A,1lf1,A,
2gf0A,2gf0,A,O95057
1d1qA,1d1q,A,P40347
1f6fA,1f6f,A,P16038
1zhvA,1zhv,A,A9CJY8
1y43B,1y43,B,P24665
1hzuA,1hzu,A,P24474
2g16B,2g16,B,P42212
2a5zA,2a5z,A,Q8ED25
1qwdA,1qwd,A,P0A901
1j8kA,1j8k,A,P02751
1pwtA,1pwt,A,P07751
2bgnE,2bgn,E,P56658
1ltkA,1ltk,A,P27362
1oivA,1oiv,A,P62491
1ttrA,1ttr,A,P02766
1h92A,1h92,A,P06239
2o57A,2o57,A,
1a7gE,1a7g,E,P17383
1dpsA,1dps,A,P0ABT2
1zj6A,1zj6,A,Q9Y689
1mr3F,1mr3,F,P19146
1pqwA,1pqw,A,P96202
1f5bA,1f5b,A,P00214
1h0xA,1h0x,A,P60849
1vlsA,1vls,A,P02941
1lrnA,1lrn,A,O66496
1mtbA,1mtb,A,P03369
1bu5A,1bu5,A,P00323
1z69A,1z69,A,Q46FV4
2bkcA,2bkc,A,P80725
1zz0A,1zz0,A,Q70I53
1vjqA,1vjq,A,
1i2rA,1i2r,A,P0A870
1o1xA,1o1x,A,Q9X0G9
1ktnA,1ktn,A,P0A6L0
1twsA,1tws,A,Q81VW8
1g86A,1g86,A,Q05315
1jo8A,1jo8,A,P15891
2bm8A,2bm8,A,B5GLB3
2b8pA,2b8p,A,Q5UQL3
2nvpA,2nvp,A,Q8XNB2
1chdA,1chd,A,P04042
1z08A,1z08,A,Q9UL25
1xmwA,1xmw,A,P22646
1xmwA,1xmw,A,P18438
1cp7A,1cp7,A,P80561
1uheA,1uhe,A,P56065
1sfyA,1sfy,A,P16404
1yyaA,1yya,A,Q5SJR1
1j2oA,1j2o,A,P25801
1j2oA,1j2o,A,P70662
1opdA,1opd,A,P0AA04
1rhgA,1rhg,A,P09919
1jclA,1jcl,A,P0A6L0
2o3bB,2o3b,B,
1qlgA,1qlg,A,O66037
2h6jH,2h6j,H,Q53079
1r8xA,1r8x,A,Q9QXF8
1m8uA,1m8u,A,P23005
1ifqA,1ifq,A,O08547
1h4yA,1h4y,A,O32723
1zrmA,1zrm,A,Q53464
1rxkA,1rxk,A,P22629
1ihjA,1ihj,A,Q24008
2araA,2ara,A,P0A9E0
1utcA,1utc,A,P49951
1bwpA,1bwp,A,Q29460
1a78A,1a78,A,P56217
1wx0A,1wx0,A,Q5SJE8
1is3A,1is3,A,Q9YIC2
1nmbN,1nmb,N,P05803
1twyA,1twy,A,Q9KLD9
2dl4A,2dl4,A,Q99469
1u8wA,1u8w,A,P39207
1cn1A,1cn1,A,P02866
1xgeA,1xge,A,P05020
1r9zA,1r9z,A,P25524
2gncA,2gnc,A,Q91Z69
2aalA,2aal,A,Q9EV83
1v8eA,1v8e,A,Q53W25
1ydgA,1ydg,A,Q9RYU4
1qv0A,1qv0,A,Q27709
1bh2A,1bh2,A,P10824
2iaoA,2iao,A,Q7SIG4
1ofzA,1ofz,A,P18891
2i9kA,2i9k,A,P05102
1pdoA,1pdo,A,P69797
2acyA,2acy,A,P41500
2da9A,2da9,A,Q8R550
1dzqA,1dzq,A,Q9FVF8
1fnyA,1fny,A,Q41159
1jreA,1jre,A,P0ABT2
1bz8A,1bz8,A,P02766
1iruE,1iru,E,Q5E987
1r18A,1r18,A,Q27869
1nnaA,1nna,A,P03472
2h8zA,2h8z,A,Q88NF7
1v62A,1v62,A,Q9C0E4
1aw1A,1aw1,A,P50921
2ivyA,2ivy,A,Q97YC2
1akwA,1akw,A,P00323
1lzkA,1lzk,A,
1o51A,1o51,A,Q9WXM9
1fl9A,1fl9,A,P44492
2fryA,2fry,A,O43639
1qkxA,1qkx,A,P07751
1xo1A,1xo1,A,P06229
1nb1A,1nb1,A,P56254
2bvvA,2bvv,A,P09850
2ak5A,2ak5,A,O55043
1sytA,1syt,A,Q8SPQ0
1lf0A,1lf0,A,P01112
1dbpA,1dbp,A,P02925
1rlwA,1rlw,A,P47712
2iyhA,2iyh,A,
1sraA,1sra,A,P09486
1hjzA,1hjz,A,O28751
2a6yA,2a6y,A,P43555
1o5jA,1o5j,A,Q9X0E6
1rj1A,1rj1,A,O49908
1tevA,1tev,A,P30085
2d13A,2d13,A,O58996
2i7gA,2i7g,A,A9CI16
1ne9A,1ne9,A,Q9EY50
1i5dA,1i5d,A,Q56310
1awwA,1aww,A,Q06187
2gg0A,2gg0,A,P0AE18
1kz9A,1kz9,A,Q9UUB1
2b81A,2b81,A,Q81B18
2g1uA,2g1u,A,
1x1rA,1x1r,A,O08989
1zggA,1zgg,A,P39155
1ytlA,1ytl,A,O30273
1pz7A,1pz7,A,P31696
1m7bA,1m7b,A,P61587
1ujyA,1ujy,A,Q15052
2o05A,2o05,A,P19623
1pryA,1pry,A,Q8U4M2
1jwqA,1jwq,A,Q9LCR3
1a25A,1a25,A,P68403
1usoA,1uso,A,Q5SHC7
1q5rH,1q5r,H,Q53079
1h1dA,1h1d,A,P22734
1yzqA,1yzq,A,P20340
1f71A,1f71,A,P0DP33
1zvqA,1zvq,A,P01112
2hxrA,2hxr,A,P27111
2bneA,2bne,A,P0A7E9
1gl5A,1gl5,A,P24604
1txyA,1txy,A,P07013
1o8qA,1o8q,A,Q39054
1agpA,1agp,A,P01112
2d5lA,2d5l,A,Q7MUW6
2cumA,2cum,A,P22105
1ykgA,1ykg,A,P38038
1k6cA,1k6c,A,P35963
1x92A,1x92,A,Q9HVZ0
1dbtA,1dbt,A,P25971
1kafA,1kaf,A,P22915
3rabA,3rab,A,P63012
2hmcA,2hmc,A,A9CGZ4
1mzrA,1mzr,A,Q46857
1guaA,1gua,A,P62834
1va5A,1va5,A,P9WQN9
1gofA,1gof,A,P0CS93
1aktA,1akt,A,P00323
1b4kA,1b4k,A,Q59643
1gm1A,1gm1,A,Q64512
1askA,1ask,A,P61972
1ksgA,1ksg,A,Q9D0J4
1mepA,1mep,A,P22629
2u1aA,2u1a,A,P09012
2f2jA,2f2j,A,P56254
2gydA,2gyd,A,P02791
1k5jA,1k5j,A,P05221
1aluA,1alu,A,P05231
1zclA,1zcl,A,Q78EG7
1zd9A,1zd9,A,Q96BM9
1loaA,1loa,A,P04122
1o22A,1o22,A,Q9WZX8
2dlmA,2dlm,A,O60504
1mwwA,1mww,A,O86237
1ti1A,1ti1,A,P0AEG4
1t4qA,1t4q,A,P01584
1gs9A,1gs9,A,P02649
1l7hA,1l7h,A,P03472
1xe1A,1xe1,A,Q8U2D2
1f5jA,1f5j,A,P77853
1ttiA,1tti,A,P04789
1csmA,1csm,A,P32178
1n6pA,1n6p,A,P20339
1bgcA,1bgc,A,P35833
1vlwA,1vlw,A,Q9WXS1
1x7tA,1x7t,A,P02766
1cpnA,1cpn,A,P23904
1r1zA,1r1z,A,Q62902
1qvyA,1qvy,A,P52565
1nmaN,1nma,N,P05803
1s1hK,1s1h,K,
1g2bA,1g2b,A,P07751
1v77A,1v77,A,O59543
1zgkA,1zgk,A,Q14145
1gydB,1gyd,B,P95470
2h2cA,2h2c,A,Q07157
1di0A,1di0,A,P61711
4nn9A,4nn9,A,P03472
1klyA,1kly,A,O26232
1vavA,1vav,A,Q9I4H0
2cc0A,2cc0,A,Q54413
1prwA,1prw,A,P62157
1g65E,1g65,E,P40302
1rfeA,1rfe,A,O53240
1f38A,1f38,A,O26249
1b09A,1b09,A,P02741
1ne2A,1ne2,A,Q9HIL9
1x8sA,1x8s,A,O97111
1d2aA,1d2a,A,P40347
2fpoA,2fpo,A,P0ADX9
1w8uA,1w8u,A,Q9C171
1i9gA,1i9g,A,P9WFZ1
2b4wA,2b4w,A,Q4QH86
1x3uA,1x3u,A,P10958
1bdqA,1bdq,A,P04587
1k6wA,1k6w,A,P25524
1ttcA,1ttc,A,P02766
1dz3A,1dz3,A,P52934
2cxcA,2cxc,A,Q9YAU4
1bzwA,1bzw,A,P02872
2fwiA,2fwi,A,Q2QJL3
2nq3A,2nq3,A,Q96J02
2fi1A,2fi1,A,A0A0H2UPC8
1swoA,1swo,A,P22629
1jmvA,1jmv,A,P44880
1onrA,1onr,A,P0A870
1ce3A,1ce3,A,Q40378
1g90A,1g90,A,P0A910
1df8A,1df8,A,P22629
1vjcA,1vjc,A,Q7SIB7
2q21A,2q21,A,P01112
1a5aA,1a5a,A,P00929
1vpeA,1vpe,A,P36204
1qpgA,1qpg,A,P00560
2nm0A,2nm0,A,Q9S274
1ji5A,1ji5,A,Q8RPQ2
1inyA,1iny,A,P03472
1gz9A,1gz9,A,P83410
1yadA,1yad,A,P25053
1u83A,1u83,A,O06739
2frgP,2frg,P,Q86YW5
1o5kA,1o5k,A,Q9X1K9
1jpmA,1jpm,A,O34508
2avkA,2avk,A,Q9REU3
2iavA,2iav,A,Q7SIG4
1t6bY,1t6b,Y,P58335
1dtlA,1dtl,A,P09860
1qrqA,1qrq,A,P62483
1vhuA,1vhu,A,O28751
1xu7A,1xu7,A,P28845
1yxyA,1yxy,A,P65522
1fynA,1fyn,A,P06241
1kuuA,1kuu,A,O27099
1qgeD,1qge,D,P0DUB9
1yelA,1yel,A,Q9FX77
1ae1A,1ae1,A,P50162
1qokA,1qok,A,Q8K1F2
1y65A,1y65,A,Q9KU37
2ihbA,2ihb,A,P08754
1frhA,1frh,A,P00214
2dfkB,2dfk,B,P60953
1pchA,1pch,A,P45611
1ncbN,1ncb,N,P03472
1swfA,1swf,A,P22629
1od6A,1od6,A,Q5SJS9
1pmzA,1pmz,A,
1u8tA,1u8t,A,P0AE67
1booA,1boo,A,P11409
1x91A,1x91,A,Q9LNF2
2c24A,2c24,A,P71140
2f26A,2f26,A,Q9Y3R4
1z2cA,1z2c,A,P08134
1axaA,1axa,A,P03366
2g0wA,2g0w,A,
1tuxA,1tux,A,P23360
1oe9B,1oe9,B,P14649
1jp5A,1jp5,A,
1yfqA,1yfq,A,P26449
1pujA,1puj,A,O31743
1ax8A,1ax8,A,P41159
1aa9A,1aa9,A,P01112
2gzxA,2gzx,A,
1p6qA,1p6q,A,Q52884
1nedA,1ned,A,P0A7B8
1vhcA,1vhc,A,P44480
1foeB,1foe,B,P63000
1ofuX,1ofu,X,Q9HZJ8
1ygtA,1ygt,A,Q94524
1yarA,1yar,A,P25156
1akrA,1akr,A,P00323
1s3qA,1s3q,A,O29424
1loqA,1loq,A,O26232
1ws6A,1ws6,A,Q5SJT0
1i5fA,1i5f,A,P41016
1oofA,1oof,A,O02372
1ajvA,1ajv,A,P03366
1v6zA,1v6z,A,Q5SKI6
1b00A,1b00,A,P0AFJ5
2cwmA,2cwm,A,P81460
1fwxA,1fwx,A,Q51705
2igpA,2igp,A,O14777
1dhnA,1dhn,A,P56740
1vh7A,1vh7,A,Q9X0C6
1mozA,1moz,A,P38116
2adaA,2ada,A,P03958
1vyoA,1vyo,A,P02701
2bzgA,2bzg,A,P51580
1buyA,1buy,A,P01588
2guuA,2guu,A,
1x9qA,1x9q,A,
2h2nA,2h2n,A,Q8WVQ1
1n43A,1n43,A,P22629
1jp3A,1jp3,A,P60472
1xppA,1xpp,A,Q9HIC5
1wu3I,1wu3,I,P01575
1zlmA,1zlm,A,Q92882
1u02A,1u02,A,Q9HIW7
2fg4A,2fg4,A,P02792
1ka9F,1ka9,F,Q7SIB9
1sgjA,1sgj,A,Q9RUZ0
1nm7A,1nm7,A,P80667
2gf9A,2gf9,A,O95716
1e96A,1e96,A,P63000
1s8aA,1s8a,A,P0A731
1aidA,1aid,A,P03369
1au1A,1au1,A,P01574
1kr4A,1kr4,A,Q9X0E6
1xheA,1xhe,A,P0A9Q1
1ahrA,1ahr,A,P62149
2dbmA,2dbm,A,Q99962
1gwkA,1gwk,A,Q9C171
1sevA,1sev,A,P19446
1vl5A,1vl5,A,Q9KAF6
2fp8A,2fp8,A,P68175
1y63A,1y63,A,Q4Q7A6
2ocbA,2ocb,A,Q9NP90
1gnzA,1gnz,A,Q8W1R6
1ww4A,1ww4,A,Q6WY08
1ax0A,1ax0,A,P16404
2g69A,2g69,A,P03366
1cx1A,1cx1,A,P14090
1zccA,1zcc,A,A9CG82
1byrA,1byr,A,Q46707
2b3sA,2b3s,A,P0AEG4
1ki9A,1ki9,A,P43410
1o1zA,1o1z,A,Q9X1V6
2gskB,2gsk,B,P02929
2cxxA,2cxx,A,O57939
1cd9A,1cd9,A,P09919
1j2qA,1j2q,A,O29760
2duaA,2dua,A,Q84G06
1bq7A,1bq7,A,P0AEG4
1e19A,1e19,A,P95474
1c07A,1c07,A,P42566
1bluA,1blu,A,P00208
1rofA,1rof,A,P46797
1jjzA,1jjz,A,P56254
1olzA,1olz,A,Q92854
1a4lA,1a4l,A,P03958
1g9oA,1g9o,A,O14745
1n3oA,1n3o,A,Q8GSD2
1h4xA,1h4x,A,O32723
1huwA,1huw,A,P01241
1i9cA,1i9c,A,P80078
2drqA,2drq,A,Q9KB30
1gnmA,1gnm,A,P03366
1zsxA,1zsx,A,Q13303
1u9kA,1u9k,A,Q9JKE2
1mk5A,1mk5,A,P22629
1wblA,1wbl,A,O24313
1nqmA,1nqm,A,P22629
1qx2A,1qx2,A,P02633
1sntA,1snt,A,Q9Y3R4
1i1wA,1i1w,A,P23360
13pkA,13pk,A,P07378
1t8xA,1t8x,A,O66496
1xbxA,1xbx,A,P39304
1h8oA,1h8o,A,
3csmA,3csm,A,P32178
2dadA,2dad,A,Q9Y4K1
1n7yA,1n7y,A,P22629
2fekA,2fek,A,P0AAB2
1aboA,1abo,A,P00520
2fqaA,2fqa,A,Q2HY54
2j1lA,2j1l,A,O00212
2h68A,2h68,A,P61964
1f9kA,1f9k,A,Q9SM56
3nllA,3nll,A,P00322
1ucpA,1ucp,A,Q9ULZ3
1uueA,1uue,A,P07751
1w5pA,1w5p,A,Q59643
1a14N,1a14,N,P03472
1gykA,1gyk,A,P02743
1lxnA,1lxn,A,O27255
2gelA,2gel,A,Q7CQE0
1wu4A,1wu4,A,Q9KB30
1vcjA,1vcj,A,P03474
1ab6A,1ab6,A,P0AE67
2b4aA,2b4a,A,Q9K8I2
2bcmB,2bcm,B,P13719
1hdrA,1hdr,A,P09417
1b57A,1b57,A,P0AB71
2fukA,2fuk,A,B0RM26
1bbhA,1bbh,A,P00154
1jubA,1jub,A,A2RJT9
1mjhA,1mjh,A,Q57997
2ct4A,2ct4,A,Q15642
2creA,2cre,A,Q9NQ75
2f40A,2f40,A,Q8U0X6
2h3xA,2h3x,A,P84888
2icaA,2ica,A,P20701
1czyA,1czy,A,Q12933
2iarA,2iar,A,Q7SIG4
1b54A,1b54,A,P38197
2hjvA,2hjv,A,P42305
1qjhA,1qjh,A,P23370
1wkeA,1wke,A,P28720
1e9fA,1e9f,A,P23919
1e9fA,1e9f,A,P0A720
1xj5A,1xj5,A,Q9ZUB3
1yyfD,1yyf,D,P39070
1moyA,1moy,A,P22629
1j8yF,1j8y,F,P70722
1s72X,1s72,X,P18138
1g65F,1g65,F,P21242
1dt4A,1dt4,A,P51513
1l6fA,1l6f,A,P10724
1nsfA,1nsf,A,P18708
2besA,2bes,A,P9WKD7
2ifxA,2ifx,A,O51799
1bzaA,1bza,A,Q47066
1qy7A,1qy7,A,P0A3F4
1hg3A,1hg3,A,P62003
1guiA,1gui,A,Q9WXN1
1y0eA,1y0e,A,P65517
1tpc1,1tpc,1,P00940
1fo2A,1fo2,A,Q9UKM7
1h98A,1h98,A,P03942
1b07A,1b07,A,Q64010
1lssA,1lss,A,Q58505
1uszA,1usz,A,Q57254
1pvaA,1pva,A,P02628
1fyuA,1fyu,A,P16404
2ayzA,2ayz,A,P0DMC5
2atxA,2atx,A,P17081
2fgvA,2fgv,A,P03369
1k2bA,1k2b,A,P04587
1hivA,1hiv,A,P04585
2b79A,2b79,A,
1z5oA,1z5o,A,P0AF12
2gjvA,2gjv,A,Q8ZKJ0
1icxA,1icx,A,P52778
1yu9A,1yu9,A,P20338
2fddA,2fdd,A,Q7SPG9
2fh5B,2fh5,B,P47758
1xm2A,1xm2,A,Q93096
1aq4A,1aq4,A,P03612
1ywfA,1ywf,A,P96830
1cb1A,1cb1,A,P02632
1uipA,1uip,A,P03958
1zujA,1zuj,A,
2a28A,2a28,A,P38822
2bk6A,2bk6,A,P80725
1nbxA,1nbx,A,P22629
1og6A,1og6,A,P76187
2dm8A,2dm8,A,Q8NI35
2bcgY,2bcg,Y,P01123
1tr9A,1tr9,A,Q9KU37
1aq3A,1aq3,A,P03612
1ncaN,1nca,N,P03472
1peyA,1pey,A,P06628
2gc4A,2gc4,A,P29894
1kbjA,1kbj,A,P00175
1z7cA,1z7c,A,P0DML2
1irjA,1irj,A,P06702
1yzkA,1yzk,A,P62491
1w17A,1w17,A,O34928
1dziA,1dzi,A,P17301
1dkwA,1dkw,A,P04789
2gvuA,2gvu,A,Q7SIG4
2bdqA,2bdq,A,Q8DYB9
2gjfA,2gjf,A,
1ri1A,1ri1,A,Q8SR66
1q8bA,1q8b,A,O31641
1tq8A,1tq8,A,P9WFC9
1wgoA,1wgo,A,Q96PQ0
1v3zA,1v3z,A,P84142
1bvyF,1bvy,F,P14779
1gpwA,1gpw,A,Q9X0C6
2gdfA,2gdf,A,P08902
1jf0A,1jf0,A,Q27709
1udwA,1udw,A,Q9BZX2
2az9A,2az9,A,P03367
1u0sY,1u0s,Y,Q56312
2fk7A,2fk7,A,Q79FX8
1ej8A,1ej8,A,P40202
1qtjA,1qtj,A,
2avgA,2avg,A,Q14896
1lihA,1lih,A,P02941
1d4zA,1d4z,A,P0AE67
1eavA,1eav,A,Q39054
1i2pA,1i2p,A,P0A870
1kktA,1kkt,A,P31723
4blmA,4blm,A,P00808
1xs5A,1xs5,A,O07950
2b0hA,2b0h,A,P26039
1pioA,1pio,A,P00807
1wcxA,1wcx,A,Q5SKH2
1ns5A,1ns5,A,P0A8I8
1r8sA,1r8s,A,P84080
1vc3B,1vc3,B,Q5SKN7
2iimA,2iim,A,P06239
1r62A,1r62,A,P0AFB5
1d3gA,1d3g,A,Q02127
2fh5A,2fh5,A,P08240
1j1tA,1j1t,A,P84143
1jrlA,1jrl,A,P0ADA1
1bd0A,1bd0,A,P10724
1d5wA,1d5w,A,P10958
1oojA,1ooj,A,O16305
1wlwA,1wlw,A,Q9YIC2
1f5fA,1f5f,A,P04278
1dbnA,1dbn,A,P93248
2g6zA,2g6z,A,Q16690
1za4A,1za4,A,P07996
2a61A,2a61,A,Q9WZG9
1twdA,1twd,A,P67825
2ht6A,2ht6,A,P55040
1puoA,1puo,A,P30440
1puoA,1puo,A,P30438
1hzaA,1hza,A,P41016
1ja9A,1ja9,A,Q9HFV6
1vbjA,1vbj,A,Q9GV41
1v6sA,1v6s,A,P09403
2fcwA,2fcw,A,P30533
2gtgA,2gtg,A,P07602
1rjvA,1rjv,A,P20472
1mh1A,1mh1,A,P63000
1ffhA,1ffh,A,O07347
2a5cA,2a5c,A,P02701
1p4kA,1p4k,A,Q47898
1i3cA,1i3c,A,Q55169
2g77B,2g77,B,O35963
2h58A,2h58,A,
1z06A,1z06,A,O35963
2ihsA,2ihs,A,A1Z6E0
1spxA,1spx,A,Q18946
1aldA,1ald,A,P04075
1mssA,1mss,A,P04789
1sq9A,1sq9,A,Q02793
1tpyA,1tpy,A,Q79FX6
2ao2A,2ao2,A,P9WIB9
1c7eA,1c7e,A,P00323
3silA,3sil,A,P29768
1j9eA,1j9e,A,P00323
1utiA,1uti,A,O89100
1m4yA,1m4y,A,Q9WYZ1
1orxA,1orx,A,P56254
2o1mA,2o1m,A,O34852
1a50A,1a50,A,P00929
1ehcA,1ehc,A,P0AE67
2c5lA,2c5l,A,P01112
1f1mA,1f1m,A,Q9AGB1
1i4tD,1i4t,D,P63000
1gq5A,1gq5,A,O14745
1uzyA,1uzy,A,Q6YD91
2dl3A,2dl3,A,Q9BX66
1lzqA,1lzq,A,P03367
1mvoA,1mvo,A,P13792
2b98A,2b98,A,Q58584
1x5pA,1x5p,A,P18615
1mojA,1moj,A,Q9HMP7
1u6dX,1u6d,X,Q14145
1y52X,1y52,X,P56734
1jnrB,1jnr,B,O28604
2cwrA,2cwr,A,Q8U1H5
1hzcA,1hzc,A,P41016
2foxA,2fox,A,P00322
2cudA,2cud,A,Q13239
1uslA,1usl,A,P9WKD7
1zesA,1zes,A,P0AFJ5
2extA,2ext,A,Q9X6J6
2cunA,2cun,A,O58965
1bxbA,1bxb,A,P26997
1fzqA,1fzq,A,Q9WUL7
2bovA,2bov,A,P11233
1n1uA,1n1u,A,P56254
2camA,2cam,A,P02701
1ootA,1oot,A,P43603
2g1pA,2g1p,A,P0AEE8
1a7mA,1a7m,A,P09056
1hd3A,1hd3,A,P07751
3chbD,3chb,D,P01556
2bfwA,2bfw,A,Q9V2J8
1fhaA,1fha,A,P02794
1yltA,1ylt,A,Q9L5C7
2bkuA,2bku,A,P62825
1g16A,1g16,A,P07560
1o60A,1o60,A,P45251
2d7cA,2d7c,A,P62491
1fxkA,1fxk,A,O26774
2ew1A,2ew1,A,Q15771
1hjsA,1hjs,A,P83692
1blcA,1blc,A,P00807
1yzlA,1yzl,A,Q9R0M6
1mihA,1mih,A,P0AE67
1iruA,1iru,A,Q2YDE4
1ljuA,1lju,A,P0A006
1i4nA,1i4n,A,Q56319
1m3gA,1m3g,A,Q05923
2cucA,2cuc,A,Q8BZT2
2gokA,2gok,A,Q8U8Z6
1pyuB,1pyu,B,P0A790
1lxjA,1lxj,A,P35195
1zs3A,1zs3,A,
2j9lA,2j9l,A,P51795
1vlhA,1vlh,A,Q9WZK0
1aw5A,1aw5,A,P05373
1gnkA,1gnk,A,P0AC55
1zwiC,1zwi,C,P0A334
2cwsA,2cws,A,Q75WP3
1i7qB,1i7q,B,P00900
1veeA,1vee,A,Q9M158
1jmwA,1jmw,A,P02941
1louA,1lou,A,P23370
1fp3A,1fp3,A,P17560
1kwfA,1kwf,A,A3DC29
2gs4A,2gs4,A,P21362
2ilbA,2ilb,A,
1n9mA,1n9m,A,P22629
1wtpA,1wtp,A,P13123
1p9mB,1p9m,B,P05231
2htyA,2hty,A,Q6DPL2
1c0eA,1c0e,A,P11064
2fhmA,2fhm,A,O35031
1frjA,1frj,A,P00214
2nxoA,2nxo,A,Q9L0T8
1izcA,1izc,A,Q9UVD4
9gafA,9gaf,A,Q47898
1ig5A,1ig5,A,P02633
1zsgA,1zsg,A,Q14155
2b6mA,2b6m,A,P0AEG4
1prlC,1prl,C,P00523
2agkA,2agk,A,P40545
1kf0A,1kf0,A,Q7SIB7
1zc3A,1zc3,A,P11233
1yauA,1yau,A,P25156
1txvA,1txv,A,
1b34B,1b34,B,P62316
1h96A,1h96,A,P29391
1itvA,1itv,A,P14780
2cw6A,2cw6,A,P35914
1qavA,1qav,A,Q61234
1km4A,1km4,A,O26232
1kpiA,1kpi,A,P9WPB5
1bueA,1bue,A,P52663
3hhrA,3hhr,A,P01241
2ew3A,2ew3,A,Q99963
1dqgA,1dqg,A,Q61830
1triA,1tri,A,P04789
1n6iA,1n6i,A,P20339
1c9iA,1c9i,A,P11442
1a0rB,1a0r,B,P62871
1h4hA,1h4h,A,Q7SIE2
6nn9A,6nn9,A,P03472
2djqA,2djq,A,Q8BZT2
1jcjA,1jcj,A,P0A6L0
1mxfA,1mxf,A,Q8I814
1i01A,1i01,A,P0AEK2
1xncA,1xnc,A,P09850
1st8A,1st8,A,Q93X60
1w1iE,1w1i,E,P56658
2g29A,2g29,A,P73452
1vetB,1vet,B,Q9JHS3
1heyA,1hey,A,P0AE67
1t64A,1t64,A,Q9BY41
1pvxA,1pvx,A,P81536
1b1aA,1b1a,A,P80078
1e6kA,1e6k,A,P0AE67
2ervA,2erv,A,Q9HVD1
2i3sA,2i3s,A,P26449
1ezwA,1ezw,A,Q8TXY4
1so4A,1so4,A,P39304
1m39A,1m39,A,P41208
1viwB,1viw,B,P02873
1asuA,1asu,A,O92956
3pgkA,3pgk,A,P00560
1m3cA,1m3c,A,Q64010
1vpqA,1vpq,A,Q9X1W6
1ftnA,1ftn,A,P61586
1awoA,1awo,A,P00519
2dpxA,2dpx,A,P55042
1o5qA,1o5q,A,Q56062
1yztA,1yzt,A,Q9UL25
1i13A,1i13,A,Q4DRC4
1sr4A,1sr4,A,O06522
1h9wA,1h9w,A,P81637
1bw9A,1bw9,A,Q59771
1namB,1nam,B,P04214
1a4rA,1a4r,A,P60953
1gq1A,1gq1,A,P72181
1h7oA,1h7o,A,P05373
2gvxA,2gvx,A,Q7SIG4
1n6nA,1n6n,A,P20339
2fjkA,2fjk,A,Q703I2
1utaA,1uta,A,P29131
1lbmA,1lbm,A,Q56320
1gczA,1gcz,A,P14174
1ukvY,1ukv,Y,P01123
2d92A,2d92,A,Q8NI35
1m41A,1m41,A,P80645
1dw6C,1dw6,C,P03366
1bg7A,1bg7,A,P07229
1hz9A,1hz9,A,P41016
1xxxA,1xxx,A,P9WP25
2h9mA,2h9m,A,P61964
1gfcA,1gfc,A,P62993
1zszA,1zsz,A,P45206
41biA,41bi,A,P01584
1wcrA,1wcr,A,P69791
2biwA,2biw,A,P74334
1ajoA,1ajo,A,P23904
1ft3A,1ft3,A,P52565
2cheA,2che,A,P0A2D5
1hurA,1hur,A,P84077
1aiuA,1aiu,A,P10599
1d1oA,1d1o,A,P02633
2fv8A,2fv8,A,P62745
1te2A,1te2,A,P77247
1yd3A,1yd3,A,Q9WYA3
1stpA,1stp,A,P22629
2bjdA,2bjd,A,Q97ZL0
1rkeB,1rke,B,P18206
1iruK,1iru,K,Q5E9K0
1jl3A,1jl3,A,P45947
1avdA,1avd,A,P02701
1hixA,1hix,A,Q59962
2hdoA,2hdo,A,F9UM81
2d5kA,2d5k,A,A0A0H2X069
1s1cA,1s1c,A,P61586
2d4zA,2d4z,A,P21564
1ri6A,1ri6,A,P52697
1le4A,1le4,A,P02649
1y8cA,1y8c,A,Q97GJ5
1ek0A,1ek0,A,P36017
2j3wA,2j3w,A,Q9CQP2
1jf8A,1jf8,A,P0A006
2d97A,2d97,A,P36217
1i2oA,1i2o,A,P0A870
1q5qA,1q5q,A,Q53080
2e2aA,2e2a,A,P23532
1e94A,1e94,A,P0A7B8
2fjcA,2fjc,A,P16665
1hl2A,1hl2,A,P0A6L4
1dazC,1daz,C,P03367
2h8xA,2h8x,A,Q88NF7
1n5bA,1n5b,A,P31490
1bq3D,1bq3,D,P00950
